{
  "return_1d": {
    "mean": 0.0008412992777910535,
    "std": 0.02375669685006724
  },
  "return_1m": {
    "mean": 0.017085707841287236,
    "std": 0.10684377276744904
  },
  "return_6m": {
    "mean": 0.07654674253291993,
    "std": 0.26017723435994594
  },
  "return_9m": {
    "mean": 0.08197093668997482,
    "std": 0.2863236981732542
  }
}